{
  "accuracy": 0.7565649396735273,
  "f1_macro": 0.7230734233297291,
  "f1_beta": 0.6267682263329706,
  "auc": 0.8469335296701026,
  "sensitivity": 0.7700534759358288,
  "specificity": 0.7516908212560387
}